"","sample","bix","b","t","a","m","c","fi","hix"
"1","GB1Aug241s",0.972641609451775,NA,0.352735584203636,0.499261961672815,0.32413802226997,0.190155804852431,1.23008448715598,0.726446199136192
