"","sample","bix","b","t","a","m","c","fi","hix"
"1","KW123Feb2401s",0.842715051328607,NA,0.0266409049872891,0.140694291642944,0.0773065993328714,0.0554096645789173,1.42969568452058,0.854087814789755
"2","KWB23Feb2401s",10.3819581923989,NA,0.0054465164503199,0.0828005322609897,0.020280720020196,0.00655620373157717,-14.5915373351432,0.181990271511286
