"","sample","bix","b","t","a","m","c","fi","hix"
"1","GB327Aug241s",0.892444998015077,NA,0.472369750381041,1.02380403099925,0.631099825111619,0.417341666027241,1.25724843484481,0.792895368931282
"2","KW6Aug241s",0.705264867317374,NA,0.173930770326899,0.613581376714222,0.403127636110398,0.263201230790116,1.183454709972,0.853874531955315
