"","sample","bix","b","t","a","m","c","fi","hix"
"1","KW123Feb241s",0.672916135577067,NA,0.0427622144196675,0.126840926339884,0.0755130579521222,0.0585675266052235,1.23524517258844,0.819614516189931
